ae322936-cf18-41d5-991a-7027e6661891	Gemma	2000	video/mp4	Gemma
ae322936-cf18-41d5-991a-7027e6661891	Gemma	2002	image/jpeg	Gemma
ae322936-cf18-41d5-991a-7027e6661891	Gemma	1	video/mp4	Gemma
ae322936-cf18-41d5-991a-7027e6661891	Gemma	2004	image/jpeg	Gemma
ae322936-cf18-41d5-991a-7027e6661891	Gemma	2006	image/jpeg	Gemma
ae322936-cf18-41d5-991a-7027e6661891	Gemma	2008	video/mp4	Gemma
ae322936-cf18-41d5-991a-7027e6661891	Gemma	2010	video/mp4	Gemma
efb0db3a-bafc-48db-8c7d-9b77c98b720c	Qas	50	video/mp4	Qas
efb0db3a-bafc-48db-8c7d-9b77c98b720c	Qas	2050	image/jpeg	Qas
efb0db3a-bafc-48db-8c7d-9b77c98b720c	Qas	2052	image/jpeg	Qas
efb0db3a-bafc-48db-8c7d-9b77c98b720c	Qas	2054	image/jpeg	Qas
efb0db3a-bafc-48db-8c7d-9b77c98b720c	Qas	2056	image/jpeg	Qas
efb0db3a-bafc-48db-8c7d-9b77c98b720c	Qas	2058	video/mp4	Qas
efb0db3a-bafc-48db-8c7d-9b77c98b720c	Qas	2060	image/png	Qas
efb0db3a-bafc-48db-8c7d-9b77c98b720c	Qas	2062	image/jpeg	Qas
dab5ae6c-3584-4466-81d6-7e0784c3329f	Roslyn	100	video/mp4	Roslyn
dab5ae6c-3584-4466-81d6-7e0784c3329f	Roslyn	2100	image/jpeg	Roslyn
dab5ae6c-3584-4466-81d6-7e0784c3329f	Roslyn	2102	image/jpeg	Roslyn
dab5ae6c-3584-4466-81d6-7e0784c3329f	Roslyn	2104	image/jpeg	Roslyn
dab5ae6c-3584-4466-81d6-7e0784c3329f	Roslyn	104	video/mp4	Roslyn
dab5ae6c-3584-4466-81d6-7e0784c3329f	Roslyn	108	video/mp4	Roslyn
dab5ae6c-3584-4466-81d6-7e0784c3329f	Roslyn	36	image/jpeg	Roslyn
c8bb76ca-f37b-48d4-b0d7-464646e44cf2	Gemma	2152	image/png	Gemma
c8bb76ca-f37b-48d4-b0d7-464646e44cf2	Gemma	2154	image/jpeg	Gemma
c8bb76ca-f37b-48d4-b0d7-464646e44cf2	Gemma	2156	image/jpeg	Gemma
c8bb76ca-f37b-48d4-b0d7-464646e44cf2	Qas	2158	video/mp4	Qas
c8bb76ca-f37b-48d4-b0d7-464646e44cf2	Qas	2160	video/mp4	Qas
c8bb76ca-f37b-48d4-b0d7-464646e44cf2	Qas	2162	image/jpeg	Qas
c8bb76ca-f37b-48d4-b0d7-464646e44cf2	Qas	2164	image/jpeg	Qas
c8bb76ca-f37b-48d4-b0d7-464646e44cf2	Gemma	2166	video/mp4	Gemma
c8bb76ca-f37b-48d4-b0d7-464646e44cf2	Gemma	2168	image/jpeg	Gemma
c8bb76ca-f37b-48d4-b0d7-464646e44cf2	Gemma	2170	image/jpeg	Gemma
c8bb76ca-f37b-48d4-b0d7-464646e44cf2	Qas	2172	image/jpeg	Qas
c8bb76ca-f37b-48d4-b0d7-464646e44cf2	Qas	2174	image/jpeg	Qas
c8bb76ca-f37b-48d4-b0d7-464646e44cf2	Gemma	2176	image/jpeg	Gemma
c8bb76ca-f37b-48d4-b0d7-464646e44cf2	Gemma	2178	image/jpeg	Gemma
c8bb76ca-f37b-48d4-b0d7-464646e44cf2	Qas	2180	image/jpeg	Qas
c8bb76ca-f37b-48d4-b0d7-464646e44cf2	Roslyn	2182	video/mp4	Roslyn
c8bb76ca-f37b-48d4-b0d7-464646e44cf2	Roslyn	2184	video/mp4	Roslyn
c8bb76ca-f37b-48d4-b0d7-464646e44cf2	Roslyn	162	video/mp4	Roslyn
c8bb76ca-f37b-48d4-b0d7-464646e44cf2	Roslyn	164	audio/mpeg	Roslyn
c8bb76ca-f37b-48d4-b0d7-464646e44cf2	Roslyn	168	audio/mpeg	Roslyn
c8bb76ca-f37b-48d4-b0d7-464646e44cf2	Roslyn	170	audio/mpeg	Roslyn
c8bb76ca-f37b-48d4-b0d7-464646e44cf2	Gemma	172	audio/mpeg	Gemma
c8bb76ca-f37b-48d4-b0d7-464646e44cf2	Qas	172	audio/mpeg	Qas
5e105ff1-d002-4b52-90b6-f909ba616c30	Gemma	2204	image/jpeg	Gemma
5e105ff1-d002-4b52-90b6-f909ba616c30	Qas	2204	image/jpeg	Qas
5e105ff1-d002-4b52-90b6-f909ba616c30	Qas	2206	image/jpeg	Qas
5e105ff1-d002-4b52-90b6-f909ba616c30	Qas	2208	image/jpeg	Qas
5e105ff1-d002-4b52-90b6-f909ba616c30	Qas	2210	image/jpeg	Gemma
5e105ff1-d002-4b52-90b6-f909ba616c30	Gemma	2212	video/mp4	Gemma
5e105ff1-d002-4b52-90b6-f909ba616c30	Gemma	2214	image/jpeg	Gemma
5e105ff1-d002-4b52-90b6-f909ba616c30	Gemma	2216	image/jpeg	Qas
5e105ff1-d002-4b52-90b6-f909ba616c30	Qas	2218	image/jpeg	Qas
5e105ff1-d002-4b52-90b6-f909ba616c30	Qas	2220	image/jpeg	Gemma
5e105ff1-d002-4b52-90b6-f909ba616c30	Gemma	2222	image/jpeg	Gemma
5e105ff1-d002-4b52-90b6-f909ba616c30	Gemma	2224	image/jpeg	Gemma
5e105ff1-d002-4b52-90b6-f909ba616c30	Qas	2180	image/jpeg	Qas
5e105ff1-d002-4b52-90b6-f909ba616c30	Roslyn	2182	video/mp4	Roslyn
5e105ff1-d002-4b52-90b6-f909ba616c30	Roslyn	2184	video/mp4	Roslyn
5e105ff1-d002-4b52-90b6-f909ba616c30	Roslyn	162	video/mp4	Roslyn
5e105ff1-d002-4b52-90b6-f909ba616c30	Roslyn	164	audio/mpeg	Roslyn
5e105ff1-d002-4b52-90b6-f909ba616c30	Roslyn	168	audio/mpeg	Roslyn
5e105ff1-d002-4b52-90b6-f909ba616c30	Roslyn	170	audio/mpeg	Roslyn
5e105ff1-d002-4b52-90b6-f909ba616c30	Gemma	172	audio/mpeg	Gemma
5e105ff1-d002-4b52-90b6-f909ba616c30	Qas	172	audio/mpeg	Qas
e78dfd7e-8067-45b6-83d3-d63d2e2b46d1	Gemma	2152	image/png	Gemma
e78dfd7e-8067-45b6-83d3-d63d2e2b46d1	Gemma	2156	image/jpeg	Gemma
e78dfd7e-8067-45b6-83d3-d63d2e2b46d1	Qas	2156	image/jpeg	Qas
e78dfd7e-8067-45b6-83d3-d63d2e2b46d1	Gemma	2256	image/jpeg	Gemma
e78dfd7e-8067-45b6-83d3-d63d2e2b46d1	Qas	2260	image/jpeg	Qas
e78dfd7e-8067-45b6-83d3-d63d2e2b46d1	Qas	2262	image/jpeg	Gemma
e78dfd7e-8067-45b6-83d3-d63d2e2b46d1	Gemma	2264	image/jpeg	Gemma
e78dfd7e-8067-45b6-83d3-d63d2e2b46d1	Gemma	2266	image/jpeg	Qas
e78dfd7e-8067-45b6-83d3-d63d2e2b46d1	Gemma	2268	video/mp4	Gemma
e78dfd7e-8067-45b6-83d3-d63d2e2b46d1	Qas	2270	image/jpeg	Qas
e78dfd7e-8067-45b6-83d3-d63d2e2b46d1	Qas	2272	image/jpeg	Gemma
e78dfd7e-8067-45b6-83d3-d63d2e2b46d1	Gemma	2274	image/jpeg	Gemma
e78dfd7e-8067-45b6-83d3-d63d2e2b46d1	Gemma	2276	image/jpeg	Qas
e78dfd7e-8067-45b6-83d3-d63d2e2b46d1	Gemma	2278	image/jpeg	Gemma
e78dfd7e-8067-45b6-83d3-d63d2e2b46d1	Gemma	2280	image/jpeg	Gemma
e78dfd7e-8067-45b6-83d3-d63d2e2b46d1	Qas	2180	image/jpeg	Qas
e78dfd7e-8067-45b6-83d3-d63d2e2b46d1	Roslyn	2182	video/mp4	Roslyn
e78dfd7e-8067-45b6-83d3-d63d2e2b46d1	Roslyn	2184	video/mp4	Roslyn
e78dfd7e-8067-45b6-83d3-d63d2e2b46d1	Roslyn	162	video/mp4	Roslyn
e78dfd7e-8067-45b6-83d3-d63d2e2b46d1	Roslyn	164	audio/mpeg	Roslyn
e78dfd7e-8067-45b6-83d3-d63d2e2b46d1	Roslyn	168	audio/mpeg	Roslyn
e78dfd7e-8067-45b6-83d3-d63d2e2b46d1	Roslyn	170	audio/mpeg	Roslyn
e78dfd7e-8067-45b6-83d3-d63d2e2b46d1	Gemma	172	audio/mpeg	Gemma
e78dfd7e-8067-45b6-83d3-d63d2e2b46d1	Qas	172	audio/mpeg	Qas
ab0763b2-2ada-49a0-9421-63f5ab28f8a8	Gemma	2154	image/jpeg	Gemma
ab0763b2-2ada-49a0-9421-63f5ab28f8a8	Gemma	2204	image/jpeg	Gemma
ab0763b2-2ada-49a0-9421-63f5ab28f8a8	Qas	2204	image/jpeg	Qas
ab0763b2-2ada-49a0-9421-63f5ab28f8a8	Qas	2206	image/jpeg	Qas
ab0763b2-2ada-49a0-9421-63f5ab28f8a8	Qas	2208	image/jpeg	Qas
ab0763b2-2ada-49a0-9421-63f5ab28f8a8	Qas	2210	image/jpeg	Gemma
ab0763b2-2ada-49a0-9421-63f5ab28f8a8	Gemma	2212	video/mp4	Gemma
ab0763b2-2ada-49a0-9421-63f5ab28f8a8	Gemma	2214	image/jpeg	Gemma
ab0763b2-2ada-49a0-9421-63f5ab28f8a8	Qas	2218	image/jpeg	Qas
ab0763b2-2ada-49a0-9421-63f5ab28f8a8	Qas	2220	image/jpeg	Gemma
ab0763b2-2ada-49a0-9421-63f5ab28f8a8	Gemma	2222	image/jpeg	Gemma
ab0763b2-2ada-49a0-9421-63f5ab28f8a8	Gemma	2224	image/jpeg	Gemma
ab0763b2-2ada-49a0-9421-63f5ab28f8a8	Qas	2180	image/jpeg	Qas
ab0763b2-2ada-49a0-9421-63f5ab28f8a8	Roslyn	2182	video/mp4	Roslyn
ab0763b2-2ada-49a0-9421-63f5ab28f8a8	Roslyn	2184	video/mp4	Roslyn
ab0763b2-2ada-49a0-9421-63f5ab28f8a8	Roslyn	162	video/mp4	Roslyn
ab0763b2-2ada-49a0-9421-63f5ab28f8a8	Roslyn	164	audio/mpeg	Roslyn
ab0763b2-2ada-49a0-9421-63f5ab28f8a8	Roslyn	168	audio/mpeg	Roslyn
ab0763b2-2ada-49a0-9421-63f5ab28f8a8	Roslyn	170	audio/mpeg	Roslyn
ab0763b2-2ada-49a0-9421-63f5ab28f8a8	Gemma	172	audio/mpeg	Gemma
ab0763b2-2ada-49a0-9421-63f5ab28f8a8	Qas	172	audio/mpeg	Qas
a5bfb9ee-b651-4ff2-a82e-7c1c82a3358d	Roslyn	162	video/mp4	Roslyn
a5bfb9ee-b651-4ff2-a82e-7c1c82a3358d	Roslyn	164	audio/mpeg	Roslyn
a5bfb9ee-b651-4ff2-a82e-7c1c82a3358d	Roslyn	168	audio/mpeg	Roslyn
a5bfb9ee-b651-4ff2-a82e-7c1c82a3358d	Roslyn	170	audio/mpeg	Roslyn
a5bfb9ee-b651-4ff2-a82e-7c1c82a3358d	Gemma	172	audio/mpeg	Gemma
a5bfb9ee-b651-4ff2-a82e-7c1c82a3358d	Qas	172	audio/mpeg	Qas
8f8fccf7-8e7f-4dfe-97d8-a68d342627bc	Gemma	2154	image/jpeg	Gemma
8f8fccf7-8e7f-4dfe-97d8-a68d342627bc	Gemma	2204	image/jpeg	Gemma
8f8fccf7-8e7f-4dfe-97d8-a68d342627bc	Qas	2204	image/jpeg	Qas
8f8fccf7-8e7f-4dfe-97d8-a68d342627bc	Gemma	2410	image/jpeg	Gemma
8f8fccf7-8e7f-4dfe-97d8-a68d342627bc	Qas	2180	image/jpeg	Qas
8f8fccf7-8e7f-4dfe-97d8-a68d342627bc	Roslyn	2182	video/mp4	Roslyn
8f8fccf7-8e7f-4dfe-97d8-a68d342627bc	Roslyn	2184	video/mp4	Roslyn
8f8fccf7-8e7f-4dfe-97d8-a68d342627bc	Roslyn	162	video/mp4	Roslyn
8f8fccf7-8e7f-4dfe-97d8-a68d342627bc	Roslyn	164	audio/mpeg	Roslyn
8f8fccf7-8e7f-4dfe-97d8-a68d342627bc	Roslyn	168	audio/mpeg	Roslyn
8f8fccf7-8e7f-4dfe-97d8-a68d342627bc	Roslyn	170	audio/mpeg	Roslyn
8f8fccf7-8e7f-4dfe-97d8-a68d342627bc	Gemma	172	audio/mpeg	Gemma
8f8fccf7-8e7f-4dfe-97d8-a68d342627bc	Qas	172	audio/mpeg	Qas
3d8dde2a-3c0e-450d-ba48-effb4ee1ec85	Gemma	2152	image/png	Gemma
3d8dde2a-3c0e-450d-ba48-effb4ee1ec85	Gemma	2154	image/jpeg	Gemma
3d8dde2a-3c0e-450d-ba48-effb4ee1ec85	Gemma	2156	image/jpeg	Gemma
3d8dde2a-3c0e-450d-ba48-effb4ee1ec85	Qas	2156	image/jpeg	Qas
3d8dde2a-3c0e-450d-ba48-effb4ee1ec85	Qas	2454	video/mp4	Qas
3d8dde2a-3c0e-450d-ba48-effb4ee1ec85	Qas	2456	video/mp4	Qas
3d8dde2a-3c0e-450d-ba48-effb4ee1ec85	Qas	2458	image/jpeg	Qas
3d8dde2a-3c0e-450d-ba48-effb4ee1ec85	Qas	2460	image/jpeg	Gemma
3d8dde2a-3c0e-450d-ba48-effb4ee1ec85	Gemma	2166	video/mp4	Gemma
3d8dde2a-3c0e-450d-ba48-effb4ee1ec85	Gemma	2464	image/jpeg	Gemma
3d8dde2a-3c0e-450d-ba48-effb4ee1ec85	Gemma	2466	image/jpeg	Qas
3d8dde2a-3c0e-450d-ba48-effb4ee1ec85	Qas	2468	image/jpeg	Qas
3d8dde2a-3c0e-450d-ba48-effb4ee1ec85	Qas	2470	image/jpeg	Gemma
3d8dde2a-3c0e-450d-ba48-effb4ee1ec85	Gemma	2176	image/jpeg	Gemma
3d8dde2a-3c0e-450d-ba48-effb4ee1ec85	Gemma	2178	image/jpeg	Gemma
3d8dde2a-3c0e-450d-ba48-effb4ee1ec85	Qas	2180	image/jpeg	Qas
3d8dde2a-3c0e-450d-ba48-effb4ee1ec85	Roslyn	2182	video/mp4	Roslyn
3d8dde2a-3c0e-450d-ba48-effb4ee1ec85	Roslyn	2184	video/mp4	Roslyn
3d8dde2a-3c0e-450d-ba48-effb4ee1ec85	Roslyn	162	video/mp4	Roslyn
3d8dde2a-3c0e-450d-ba48-effb4ee1ec85	Roslyn	164	audio/mpeg	Roslyn
3d8dde2a-3c0e-450d-ba48-effb4ee1ec85	Roslyn	168	audio/mpeg	Roslyn
3d8dde2a-3c0e-450d-ba48-effb4ee1ec85	Roslyn	170	audio/mpeg	Roslyn
3d8dde2a-3c0e-450d-ba48-effb4ee1ec85	Gemma	172	audio/mpeg	Gemma
3d8dde2a-3c0e-450d-ba48-effb4ee1ec85	Qas	172	audio/mpeg	Qas
81324f7e-b784-467c-a438-2149e5244bab	Gemma	2204	image/jpeg	Gemma
81324f7e-b784-467c-a438-2149e5244bab	Qas	2204	image/jpeg	Qas
81324f7e-b784-467c-a438-2149e5244bab	Gemma	2410	image/jpeg	Gemma
81324f7e-b784-467c-a438-2149e5244bab	Qas	2180	image/jpeg	Qas
81324f7e-b784-467c-a438-2149e5244bab	Roslyn	2182	video/mp4	Roslyn
81324f7e-b784-467c-a438-2149e5244bab	Roslyn	2184	video/mp4	Roslyn
81324f7e-b784-467c-a438-2149e5244bab	Roslyn	162	video/mp4	Roslyn
81324f7e-b784-467c-a438-2149e5244bab	Roslyn	164	audio/mpeg	Roslyn
81324f7e-b784-467c-a438-2149e5244bab	Roslyn	168	audio/mpeg	Roslyn
81324f7e-b784-467c-a438-2149e5244bab	Roslyn	170	audio/mpeg	Roslyn
81324f7e-b784-467c-a438-2149e5244bab	Gemma	172	audio/mpeg	Gemma
81324f7e-b784-467c-a438-2149e5244bab	Qas	172	audio/mpeg	Qas
608e97a4-05d4-4c85-bf32-108056dce9e3	Gemma	2550	video/mp4	Gemma
608e97a4-05d4-4c85-bf32-108056dce9e3	Gemma	2552	video/mp4	Gemma
608e97a4-05d4-4c85-bf32-108056dce9e3	Gemma	2558	image/jpeg	Gemma
608e97a4-05d4-4c85-bf32-108056dce9e3	Gemma	258	video/mp4	Gemma
608e97a4-05d4-4c85-bf32-108056dce9e3	Gemma	259	video/mp4	Gemma
608e97a4-05d4-4c85-bf32-108056dce9e3	Gemma	260	video/quicktime	Gemma
608e97a4-05d4-4c85-bf32-108056dce9e3	Gemma	261	video/mp4	Gemma
608e97a4-05d4-4c85-bf32-108056dce9e3	Gemma	264	image/jpeg	Gemma
675b926f-3a35-436b-8719-798abcb18b6e	Roslyn	266	image/jpeg	Roslyn
675b926f-3a35-436b-8719-798abcb18b6e	Roslyn	267	video/mp4	Roslyn
675b926f-3a35-436b-8719-798abcb18b6e	Roslyn	600	audio/mpeg	Roslyn
675b926f-3a35-436b-8719-798abcb18b6e	Roslyn	269	image/jpeg	Roslyn
675b926f-3a35-436b-8719-798abcb18b6e	Roslyn	604	video/mp4	Roslyn
675b926f-3a35-436b-8719-798abcb18b6e	Roslyn	271	image/jpeg	Roslyn
675b926f-3a35-436b-8719-798abcb18b6e	Roslyn	608	audio/mpeg	Roslyn
675b926f-3a35-436b-8719-798abcb18b6e	Roslyn	273	audio/mpeg	Roslyn
ef46c277-f16e-4028-87cf-f4fb65b2e01d	Qas	650	video/mp4	Qas
ef46c277-f16e-4028-87cf-f4fb65b2e01d	Qas	654	video/mp4	Qas
ef46c277-f16e-4028-87cf-f4fb65b2e01d	Qas	658	video/mp4	Qas
ef46c277-f16e-4028-87cf-f4fb65b2e01d	Qas	672	video/mp4	Qas
ef46c277-f16e-4028-87cf-f4fb65b2e01d	Qas	676	audio/mpeg	Qas
ef46c277-f16e-4028-87cf-f4fb65b2e01d	Qas	170	audio/mpeg	Qas
55898063-6d06-499e-9c0c-c839e4cd0a76	Gemma	704	audio/mpeg	Gemma
55898063-6d06-499e-9c0c-c839e4cd0a76	Gemma	267	video/mp4	Gemma
55898063-6d06-499e-9c0c-c839e4cd0a76	Gemma	294	image/jpeg	Gemma
55898063-6d06-499e-9c0c-c839e4cd0a76	Gemma	708	audio/mpeg	Gemma
55898063-6d06-499e-9c0c-c839e4cd0a76	Gemma	712	audio/mpeg	Gemma
55898063-6d06-499e-9c0c-c839e4cd0a76	Gemma	716	audio/mpeg	Gemma
55898063-6d06-499e-9c0c-c839e4cd0a76	Gemma	720	video/mp4	Gemma
a2de2c41-82da-4099-b330-6d04fed1e54b	Roslyn	267	video/mp4	Roslyn
a2de2c41-82da-4099-b330-6d04fed1e54b	Qas	750	audio/mpeg	Qas
a2de2c41-82da-4099-b330-6d04fed1e54b	Qas	750	audio/mpeg	Qas
a2de2c41-82da-4099-b330-6d04fed1e54b	Qas	259	video/mp4	Qas
a2de2c41-82da-4099-b330-6d04fed1e54b	Qas	307	image/jpeg	Qas
a2de2c41-82da-4099-b330-6d04fed1e54b	Roslyn	308	image/jpeg	Roslyn
a2de2c41-82da-4099-b330-6d04fed1e54b	Roslyn	309	image/jpeg	Roslyn
a2de2c41-82da-4099-b330-6d04fed1e54b	Roslyn	758	audio/mpeg	Roslyn
a2de2c41-82da-4099-b330-6d04fed1e54b	Roslyn	764	audio/mpeg	Roslyn
e4e9e8cb-0193-49df-ab2e-927794c13a3b	Qas	267	video/mp4	Qas
e4e9e8cb-0193-49df-ab2e-927794c13a3b	Roslyn	267	video/mp4	Roslyn
e4e9e8cb-0193-49df-ab2e-927794c13a3b	Qas	750	audio/mpeg	Qas
e4e9e8cb-0193-49df-ab2e-927794c13a3b	Qas	750	audio/mpeg	Qas
e4e9e8cb-0193-49df-ab2e-927794c13a3b	Qas	259	video/mp4	Qas
e4e9e8cb-0193-49df-ab2e-927794c13a3b	Qas	307	image/jpeg	Qas
e4e9e8cb-0193-49df-ab2e-927794c13a3b	Roslyn	308	image/jpeg	Roslyn
e4e9e8cb-0193-49df-ab2e-927794c13a3b	Roslyn	309	image/jpeg	Roslyn
e4e9e8cb-0193-49df-ab2e-927794c13a3b	Roslyn	758	audio/mpeg	Roslyn
e4e9e8cb-0193-49df-ab2e-927794c13a3b	Roslyn	764	audio/mpeg	Roslyn
1d59e19b-2191-48ea-a84c-d720d1e69c09	Qas	267	video/mp4	Qas
1d59e19b-2191-48ea-a84c-d720d1e69c09	Roslyn	267	video/mp4	Roslyn
1d59e19b-2191-48ea-a84c-d720d1e69c09	Qas	750	audio/mpeg	Qas
1d59e19b-2191-48ea-a84c-d720d1e69c09	Qas	750	audio/mpeg	Qas
1d59e19b-2191-48ea-a84c-d720d1e69c09	Qas	259	video/mp4	Qas
1d59e19b-2191-48ea-a84c-d720d1e69c09	Qas	307	image/jpeg	Qas
1d59e19b-2191-48ea-a84c-d720d1e69c09	Roslyn	308	image/jpeg	Roslyn
1d59e19b-2191-48ea-a84c-d720d1e69c09	Roslyn	309	image/jpeg	Roslyn
1d59e19b-2191-48ea-a84c-d720d1e69c09	Roslyn	758	audio/mpeg	Roslyn
1d59e19b-2191-48ea-a84c-d720d1e69c09	Roslyn	764	audio/mpeg	Roslyn
9ae00cec-3422-4c57-9688-27c09e355639	Qas	267	video/mp4	Qas
9ae00cec-3422-4c57-9688-27c09e355639	Roslyn	267	video/mp4	Roslyn
9ae00cec-3422-4c57-9688-27c09e355639	Qas	750	audio/mpeg	Qas
9ae00cec-3422-4c57-9688-27c09e355639	Qas	750	audio/mpeg	Qas
9ae00cec-3422-4c57-9688-27c09e355639	Qas	259	video/mp4	Qas
9ae00cec-3422-4c57-9688-27c09e355639	Qas	307	image/jpeg	Qas
9ae00cec-3422-4c57-9688-27c09e355639	Roslyn	308	image/jpeg	Roslyn
9ae00cec-3422-4c57-9688-27c09e355639	Roslyn	309	image/jpeg	Roslyn
9ae00cec-3422-4c57-9688-27c09e355639	Roslyn	758	audio/mpeg	Roslyn
9ae00cec-3422-4c57-9688-27c09e355639	Roslyn	764	audio/mpeg	Roslyn
a30e79eb-d210-4fe4-888e-ca98da672c10	Qas	950	video/mp4	Qas
a30e79eb-d210-4fe4-888e-ca98da672c10	Qas	351	image/jpeg	Qas
a30e79eb-d210-4fe4-888e-ca98da672c10	Qas	954	audio/mpeg	Qas
a30e79eb-d210-4fe4-888e-ca98da672c10	Qas	954	video/mp4	Qas
a30e79eb-d210-4fe4-888e-ca98da672c10	Qas	958	audio/mpeg	Qas
a30e79eb-d210-4fe4-888e-ca98da672c10	Qas	962	video/mp4	Qas
a30e79eb-d210-4fe4-888e-ca98da672c10	Qas	970	audio/mpeg	Qas
15d80df4-20df-46d3-bda6-c6a0254b20d5	Qas	950	video/mp4	Qas
15d80df4-20df-46d3-bda6-c6a0254b20d5	Qas	351	image/jpeg	Qas
15d80df4-20df-46d3-bda6-c6a0254b20d5	Qas	954	video/mp4	Qas
15d80df4-20df-46d3-bda6-c6a0254b20d5	Qas	364	image/jpeg	Qas
15d80df4-20df-46d3-bda6-c6a0254b20d5	Qas	958	audio/mpeg	Qas
15d80df4-20df-46d3-bda6-c6a0254b20d5	Qas	962	video/mp4	Qas
15d80df4-20df-46d3-bda6-c6a0254b20d5	Qas	970	audio/mpeg	Qas
f2e253db-ab9d-4ecb-a4c6-3845ca85e370	Roslyn	375	video/mp4	Roslyn
f2e253db-ab9d-4ecb-a4c6-3845ca85e370	Gemma	376	image/jpeg	Gemma
12f89475-ca34-41ec-8e31-a1ee221916da	Roslyn	375	video/mp4	Roslyn
12f89475-ca34-41ec-8e31-a1ee221916da	Gemma	382	image/jpeg	Gemma
7b80cf53-f559-48f3-91b9-bd7b45b7f7e4	Roslyn	1054	audio/mpeg	Roslyn
7b80cf53-f559-48f3-91b9-bd7b45b7f7e4	Roslyn	375	video/mp4	Roslyn
7b80cf53-f559-48f3-91b9-bd7b45b7f7e4	Gemma	382	image/jpeg	Gemma
e62657da-7636-4cc7-981d-6b0c8749b2b6	Roslyn	1054	audio/mpeg	Roslyn
e62657da-7636-4cc7-981d-6b0c8749b2b6	Roslyn	375	video/mp4	Roslyn
e62657da-7636-4cc7-981d-6b0c8749b2b6	Gemma	376	image/jpeg	Gemma
ce5587b7-b7b5-40fa-bb0e-e001d83ea223	Qas	441	image/jpeg	Qas
